Z,X,Y,D,A,PA,B,C
0,0,0,0,1,0,1,1
0,0,0,1,0,1,1,0
0,0,0,0,0,1,1,0
0,0,0,0,0,1,1,0
0,0,0,0,0,1,0,1
0,0,0,1,0,0,0,1
0,0,0,0,1,1,1,1
0,0,0,0,0,0,0,1
0,0,0,0,1,0,1,1
0,0,0,1,1,0,0,1
0,0,0,0,0,0,1,1
0,0,0,0,0,0,1,0
0,0,0,0,1,1,0,1
0,0,0,0,0,1,0,0
0,0,0,1,0,1,1,0
0,0,0,0,1,1,1,1
0,0,0,1,1,0,0,1
0,0,0,1,0,1,0,0
0,0,0,1,1,0,1,0
0,0,0,0,0,1,0,1
0,0,0,1,0,0,1,1
0,0,0,0,0,0,1,0
0,0,0,1,1,1,1,1
0,0,0,1,1,0,1,1
0,0,0,1,1,0,0,1
0,0,0,1,1,1,0,0
0,0,0,1,1,0,0,0
0,0,0,1,0,1,0,0
0,0,0,1,0,1,0,1
0,0,0,1,0,1,0,1
0,0,0,0,0,0,0,0
0,0,0,0,1,0,1,0
0,0,0,1,0,0,0,0
0,0,0,1,1,1,0,1
0,0,0,1,0,0,1,0
0,0,0,0,1,1,0,0
0,0,0,1,1,1,0,1
0,0,0,0,0,0,1,1
0,0,0,0,0,1,0,1
0,0,0,0,0,0,0,0
0,0,0,0,0,0,0,1
0,0,0,0,1,0,1,1
0,0,0,1,0,0,0,0
0,0,0,1,0,0,0,1
0,0,0,1,1,1,1,0
0,0,0,1,0,1,0,0
0,0,0,1,0,1,1,1
0,0,0,0,0,0,1,1
0,0,0,1,0,0,0,1
0,0,0,1,0,0,1,1
0,0,0,0,1,1,1,1
0,0,0,1,0,0,0,1
0,0,0,0,0,1,1,0
0,0,0,1,0,1,1,0
0,0,0,0,0,0,0,1
0,0,0,1,0,0,0,0
0,0,0,1,1,1,0,1
0,0,0,0,0,0,1,0
0,0,0,0,1,1,0,0
0,0,0,0,1,0,1,0
0,0,0,0,0,0,1,1
0,0,0,0,0,1,1,0
0,0,0,0,0,0,1,1
0,0,0,0,0,1,1,0
0,0,0,0,1,0,1,0
0,0,0,1,0,1,1,0
0,0,0,1,0,1,0,0
0,0,0,0,0,0,0,0
0,0,0,1,0,1,1,1
0,0,0,1,0,0,1,1
0,0,0,1,0,0,0,0
0,0,0,1,1,0,1,0
0,0,0,0,1,1,0,0
0,0,0,1,0,1,0,0
0,0,0,0,0,0,0,1
0,0,0,1,0,0,1,0
0,0,0,1,1,1,1,1
0,0,0,1,0,0,0,0
0,0,0,0,1,0,0,1
0,0,0,1,0,1,0,0
0,0,0,0,0,0,0,0
0,0,0,1,0,1,0,1
0,0,0,0,0,0,1,0
0,0,0,1,1,1,0,0
0,0,0,0,1,0,1,0
0,0,0,0,0,0,0,1
0,0,0,1,0,1,1,0
0,0,0,0,1,0,1,0
0,0,0,1,1,1,1,1
0,0,0,1,1,0,1,1
0,0,0,1,1,1,1,1
0,0,0,1,0,1,1,0
0,0,0,1,1,1,0,0
0,0,0,1,0,1,1,0
0,0,0,1,1,0,0,1
0,0,0,1,1,0,1,0
0,0,0,1,1,1,1,0
0,0,0,1,1,1,0,1
0,0,0,1,1,1,1,1
0,0,0,0,0,0,0,1
0,0,0,0,0,0,0,1
0,0,0,1,1,0,0,1
0,0,0,1,1,0,0,0
0,0,0,1,0,1,1,1
0,0,0,1,1,1,1,0
0,0,0,1,1,1,0,0
0,0,0,1,0,0,1,1
0,0,0,1,1,0,1,1
0,0,0,1,1,0,0,1
0,0,0,0,0,1,1,0
0,0,0,1,0,1,0,1
0,0,0,0,0,0,0,1
0,0,0,1,1,1,1,1
0,0,0,1,0,0,1,1
0,0,0,0,0,0,1,1
0,0,0,1,0,1,0,0
0,0,0,0,0,0,0,0
0,0,0,1,0,1,1,0
0,0,0,1,0,0,1,1
0,0,0,0,1,1,1,1
0,0,0,1,1,1,1,1
0,0,0,0,0,1,0,0
0,0,0,1,0,0,1,1
0,0,0,0,0,0,0,1
0,0,0,0,1,1,0,1
0,0,0,1,1,1,1,0
0,0,0,1,1,0,1,1
0,0,0,0,1,0,1,0
0,0,0,1,1,0,0,1
0,0,0,1,1,1,1,0
0,0,0,1,1,0,1,0
0,0,0,0,1,0,0,0
0,0,0,0,1,1,1,1
0,0,0,0,0,0,0,1
0,0,0,0,0,0,1,0
0,0,0,0,0,0,0,0
0,0,0,0,0,1,1,1
0,0,0,0,1,1,1,1
0,0,0,0,1,1,0,0
0,0,0,0,0,1,0,1
0,0,0,1,1,1,1,1
0,0,0,0,0,1,0,1
0,0,0,1,1,1,0,1
0,0,0,1,0,0,0,0
0,0,0,1,1,0,0,1
0,0,0,0,1,1,1,1
0,0,0,0,0,0,1,0
0,0,0,0,1,0,0,0
0,0,0,0,0,1,0,1
0,0,0,1,0,0,0,1
0,0,0,0,0,0,0,1
0,0,0,0,0,0,1,1
0,0,0,0,1,0,1,0
0,0,0,0,1,0,0,0
0,0,0,0,1,1,0,0
0,0,0,1,0,1,0,1
0,0,0,0,1,1,1,1
0,0,0,1,0,0,0,1
0,0,0,0,1,1,1,1
0,0,0,1,1,0,0,0
0,0,0,0,1,0,1,0
0,0,0,0,0,0,0,1
0,0,0,1,1,0,1,0
0,0,0,1,1,1,0,1
0,0,0,1,0,1,0,1
0,0,0,0,1,0,0,0
0,0,0,1,0,1,1,1
0,0,0,0,1,0,0,1
0,0,0,0,0,1,1,0
0,0,0,1,0,1,1,1
0,0,0,1,1,0,0,1
0,0,0,0,0,1,0,0
0,0,0,0,0,0,0,1
0,0,0,1,0,1,1,0
0,0,0,1,0,0,0,1
0,0,0,1,0,0,1,0
0,0,0,0,0,1,1,0
0,0,0,0,1,1,0,0
0,0,0,0,0,0,0,1
0,0,0,0,0,1,0,0
0,0,0,0,1,1,0,0
0,0,0,0,1,0,0,0
0,0,0,1,1,0,0,0
0,0,0,0,1,1,1,0
0,0,0,0,1,0,1,1
0,0,0,0,1,0,1,1
0,0,0,1,1,0,0,1
0,0,0,0,0,1,1,1
0,0,0,0,0,1,1,1
0,0,0,1,1,0,1,1
0,0,0,0,0,1,1,1
0,0,0,0,0,0,1,0
0,0,0,0,0,1,0,1
0,0,0,0,1,0,0,0
0,0,0,0,1,0,1,0
0,0,0,1,0,1,1,1
0,0,0,1,1,0,1,0
0,0,0,1,0,1,0,0
0,0,0,0,0,1,0,0
0,0,0,0,0,0,1,0
0,0,0,0,0,0,0,1
0,0,0,1,1,1,0,1
0,0,0,0,1,0,1,1
0,0,0,0,1,0,0,1
0,0,0,1,0,0,0,1
0,0,0,0,1,0,1,1
0,0,0,1,0,0,0,1
0,0,0,1,1,1,0,1
0,0,0,1,0,1,1,1
0,0,0,0,0,0,0,1
0,0,0,0,0,0,0,0
0,0,0,0,1,0,1,1
0,0,0,0,1,1,1,0
0,0,0,0,1,0,1,0
0,0,0,0,1,1,0,0
0,0,0,0,0,1,1,0
0,0,0,1,1,1,0,1
0,0,0,0,1,0,1,0
0,0,0,1,0,1,0,1
0,0,0,0,0,0,1,1
0,0,0,0,0,1,1,0
0,0,0,0,1,0,1,1
0,0,0,1,0,1,1,0
0,0,0,1,0,0,0,0
0,0,0,1,0,1,1,1
0,0,0,1,1,0,1,1
0,0,0,0,0,0,0,0
0,0,0,1,1,0,1,1
0,0,0,0,1,0,0,1
0,0,0,0,0,1,1,1
0,0,0,1,0,1,1,0
0,0,0,1,1,0,1,0
0,0,0,1,0,1,0,1
0,0,0,1,0,0,1,1
0,0,0,1,1,0,1,1
0,0,0,1,1,1,1,1
0,0,0,1,0,0,0,1
0,0,0,1,1,0,0,0
0,0,0,0,0,1,1,1
0,0,0,1,0,0,0,0
0,0,0,1,0,0,1,1
0,0,0,0,1,0,1,0
0,0,0,1,0,0,1,1
0,0,0,0,0,1,1,0
0,0,0,0,0,1,1,1
0,0,0,1,1,1,1,0
0,0,0,0,1,0,1,0
0,0,0,0,1,0,0,0
0,0,0,0,1,1,0,0
0,0,0,0,1,0,0,0
0,0,0,1,0,0,0,0
0,0,0,0,1,0,0,1
0,0,0,1,1,0,0,0
0,0,0,0,1,1,0,1
0,0,0,0,0,1,1,1
0,0,0,0,1,1,1,1
0,0,0,0,1,0,1,1
0,0,0,1,0,1,1,1
0,0,0,1,1,1,0,0
0,0,0,0,0,0,0,0
0,0,0,0,0,0,1,0
0,0,0,1,0,1,1,1
0,0,0,0,0,1,0,0
0,0,0,0,0,1,1,0
0,0,0,0,1,1,1,0
0,0,0,1,0,0,1,0
0,0,0,1,0,1,1,0
0,0,0,1,1,1,0,1
0,0,0,0,0,0,1,0
0,0,0,0,1,1,1,1
0,0,0,1,1,0,0,1
0,0,0,1,1,0,0,1
0,0,0,1,0,0,1,1
0,0,0,1,0,1,0,1
0,0,0,0,0,1,1,0
0,0,0,1,1,0,1,0
0,0,0,0,0,1,0,0
0,0,0,1,0,1,1,1
0,0,0,0,0,0,1,0
0,0,0,1,1,0,1,0
0,0,0,1,1,1,1,1
0,0,0,1,0,0,0,1
0,0,0,1,0,1,0,1
0,0,0,0,0,1,1,1
0,0,0,1,0,1,0,0
0,0,0,0,1,1,1,1
0,0,0,0,1,0,1,1
0,0,0,0,1,0,1,0
0,0,1,0,1,0,1,0
0,0,1,1,0,0,1,1
0,0,1,0,0,1,0,0
0,0,1,0,0,1,1,1
0,0,1,0,1,0,0,1
0,0,1,1,0,1,0,0
0,0,1,1,1,1,1,0
0,0,1,1,1,1,1,1
0,0,1,1,0,0,1,1
0,0,1,0,0,0,1,1
0,0,1,0,0,0,1,0
0,0,1,1,1,1,0,1
0,0,1,0,0,0,1,1
0,0,1,0,1,0,1,1
0,0,1,0,0,0,0,1
0,0,1,1,1,0,0,1
0,0,1,1,1,0,1,0
0,0,1,0,0,0,0,1
0,0,1,1,1,1,1,1
0,0,1,1,1,1,0,1
0,0,1,1,0,0,0,1
0,0,1,1,1,0,1,0
0,0,1,1,0,1,0,0
0,0,1,0,1,1,0,0
0,0,1,1,0,0,0,1
0,0,1,0,0,0,0,1
0,0,1,0,1,0,0,0
0,0,1,1,1,0,0,0
0,0,1,0,1,1,1,0
0,0,1,0,1,0,1,1
0,0,1,0,1,0,0,1
0,0,1,1,0,0,1,0
0,0,1,1,1,0,1,0
0,0,1,0,0,1,1,0
0,0,1,1,0,1,0,1
0,0,1,1,1,1,1,1
0,1,0,1,0,0,0,1
0,1,0,1,0,0,1,0
0,1,0,0,0,1,0,0
0,1,0,0,0,0,0,1
0,1,0,1,1,0,1,0
0,1,0,1,0,1,1,1
0,1,0,0,1,1,0,0
0,1,0,0,1,1,1,0
0,1,0,1,0,1,1,0
0,1,0,0,1,0,1,0
0,1,0,1,1,0,0,1
0,1,0,1,1,1,0,0
0,1,0,0,0,0,1,1
0,1,0,0,1,1,1,1
0,1,0,1,1,1,1,1
0,1,0,1,1,0,0,0
0,1,0,0,0,1,0,1
0,1,0,1,1,0,1,1
0,1,0,0,0,0,1,1
0,1,0,1,0,0,1,0
0,1,0,0,0,0,1,0
0,1,0,0,0,1,1,1
0,1,0,0,0,0,1,0
0,1,0,1,0,1,0,1
0,1,0,1,1,1,1,1
0,1,0,0,0,1,0,0
0,1,0,1,1,1,1,1
0,1,0,0,1,0,1,0
0,1,0,0,0,0,0,0
0,1,0,1,1,1,0,1
0,1,0,1,1,1,0,0
0,1,0,0,1,0,0,0
0,1,0,1,1,1,1,1
0,1,0,1,0,0,0,1
0,1,0,0,1,1,1,0
0,1,0,0,0,0,0,0
0,1,0,1,1,1,1,1
0,1,0,0,1,1,1,0
0,1,0,0,0,0,1,0
0,1,0,1,1,1,1,0
0,1,0,0,1,1,1,0
0,1,0,0,1,0,1,0
0,1,0,1,0,1,0,0
0,1,0,1,1,0,1,0
0,1,0,0,0,0,0,1
0,1,0,0,1,1,0,1
0,1,0,1,0,1,1,1
0,1,0,1,0,1,0,1
0,1,0,1,1,1,1,1
0,1,0,1,1,1,0,0
0,1,0,0,0,1,1,0
0,1,0,1,0,1,0,0
0,1,0,1,1,0,1,0
0,1,0,0,0,1,1,1
0,1,0,1,1,0,1,0
0,1,0,0,1,1,1,0
0,1,0,1,1,1,0,1
0,1,0,1,1,0,1,0
0,1,0,1,0,1,0,0
0,1,0,0,1,1,0,1
0,1,0,0,0,0,0,0
0,1,0,1,1,1,1,0
0,1,0,0,0,1,0,0
0,1,0,0,1,1,0,0
0,1,0,0,0,0,0,0
0,1,0,0,0,1,1,1
0,1,0,0,1,1,1,1
0,1,0,0,1,1,0,1
0,1,0,1,1,1,1,1
0,1,0,1,1,0,1,1
0,1,0,0,0,0,0,1
0,1,0,1,1,1,0,0
0,1,0,1,0,1,1,1
0,1,0,1,0,0,0,1
0,1,0,1,1,0,1,0
0,1,0,0,0,1,1,0
0,1,0,1,0,0,1,1
0,1,0,1,0,1,1,0
0,1,0,0,0,0,1,1
0,1,0,0,1,0,1,0
0,1,0,1,1,0,0,1
0,1,0,1,1,0,0,0
0,1,0,1,1,1,1,0
0,1,0,1,0,0,1,1
0,1,0,1,0,0,1,1
0,1,0,1,1,1,0,1
0,1,0,0,1,0,1,1
0,1,0,1,1,0,0,1
0,1,0,1,0,1,1,0
0,1,0,0,1,0,1,1
0,1,0,0,1,1,0,1
0,1,0,0,1,1,0,0
0,1,0,0,0,1,1,0
0,1,0,1,0,1,1,1
0,1,0,1,0,0,1,0
0,1,0,1,0,1,0,0
0,1,0,1,0,0,0,1
0,1,0,1,0,0,0,0
0,1,0,1,0,0,0,0
0,1,0,0,0,0,0,1
0,1,0,1,1,0,0,1
0,1,0,0,1,0,1,0
0,1,0,0,0,0,1,0
0,1,0,1,0,0,0,1
0,1,0,0,1,0,1,0
0,1,0,1,0,0,1,0
0,1,0,0,0,1,0,0
0,1,0,1,0,1,1,1
0,1,0,0,1,1,0,0
0,1,0,1,1,0,0,0
0,1,0,1,1,1,1,1
0,1,0,1,1,1,0,0
0,1,0,1,1,1,0,0
0,1,0,1,0,0,0,1
0,1,0,0,1,0,0,1
0,1,0,0,0,0,0,1
0,1,0,0,0,0,0,1
0,1,0,1,1,1,0,0
0,1,0,0,1,1,0,0
0,1,0,1,0,1,1,1
0,1,0,1,0,1,1,1
0,1,0,0,0,0,1,0
0,1,0,0,1,0,0,1
0,1,0,1,1,0,0,0
0,1,0,0,1,1,1,1
0,1,0,1,1,0,1,0
0,1,0,1,1,0,1,1
0,1,0,1,0,1,0,1
0,1,0,1,1,1,1,0
0,1,0,1,0,0,1,1
0,1,0,0,0,0,0,0
0,1,0,0,0,0,1,0
0,1,0,1,1,0,0,0
0,1,0,1,1,0,0,0
0,1,0,0,1,0,0,0
0,1,0,0,0,1,1,1
0,1,0,1,0,1,1,1
0,1,0,0,0,1,0,0
0,1,0,1,0,0,1,1
0,1,0,0,0,1,1,0
0,1,0,1,0,0,1,1
0,1,0,0,1,0,1,1
0,1,0,1,1,1,0,1
0,1,0,0,1,0,1,1
0,1,0,0,1,0,0,0
0,1,0,1,0,1,0,0
0,1,0,0,0,1,1,1
0,1,0,1,1,1,0,1
0,1,0,0,0,0,1,0
0,1,0,1,1,1,1,1
0,1,0,0,1,1,0,0
0,1,0,1,1,0,0,0
0,1,0,0,0,1,0,0
0,1,0,1,1,1,0,1
0,1,0,0,1,1,1,0
0,1,0,1,1,0,1,1
0,1,0,1,0,0,1,0
0,1,0,1,0,0,0,1
0,1,0,0,1,0,0,1
0,1,0,1,0,1,0,1
0,1,0,0,0,0,1,0
0,1,0,1,0,0,0,0
0,1,0,0,0,1,1,1
0,1,0,1,0,1,0,1
0,1,0,0,0,1,1,1
0,1,0,0,0,0,1,0
0,1,0,1,0,0,0,0
0,1,0,0,0,0,0,0
0,1,0,0,0,1,1,0
0,1,0,1,1,1,1,1
0,1,0,0,1,0,0,1
0,1,0,0,0,1,0,0
0,1,0,0,1,1,1,0
0,1,0,1,1,1,0,1
0,1,0,0,0,0,1,0
0,1,0,1,0,1,1,0
0,1,0,0,0,1,0,0
0,1,0,0,1,0,0,0
0,1,0,0,1,0,0,0
0,1,0,1,0,1,0,0
0,1,0,0,0,1,0,1
0,1,0,0,0,0,1,0
0,1,0,1,1,0,1,0
0,1,0,0,1,1,0,1
0,1,0,1,1,1,0,1
0,1,0,1,1,1,0,1
0,1,0,0,0,1,1,0
0,1,0,1,0,0,0,1
0,1,0,0,0,1,0,0
0,1,0,1,0,1,1,0
0,1,0,1,1,0,1,0
0,1,0,0,1,1,0,1
0,1,0,1,0,0,0,1
0,1,0,1,0,1,0,1
0,1,0,1,1,1,1,1
0,1,0,1,0,0,0,1
0,1,0,1,1,0,0,0
0,1,0,0,0,1,0,0
0,1,0,1,0,1,1,0
0,1,0,0,0,1,1,0
0,1,0,1,0,0,0,1
0,1,0,0,0,1,0,1
0,1,0,0,0,0,1,0
0,1,0,1,0,0,1,1
0,1,0,1,1,1,1,1
0,1,0,1,1,0,1,0
0,1,0,0,1,1,1,0
0,1,0,1,1,1,1,1
0,1,0,0,1,1,1,1
0,1,0,0,0,1,1,0
0,1,0,0,0,1,1,0
0,1,0,1,1,0,0,0
0,1,0,1,0,0,0,1
0,1,0,0,1,1,0,0
0,1,0,0,1,1,1,0
0,1,0,1,0,0,0,1
0,1,0,0,0,0,1,1
0,1,0,1,0,0,1,1
0,1,0,0,1,0,0,1
0,1,0,1,0,1,1,1
0,1,0,0,1,1,0,0
0,1,0,1,1,0,0,0
0,1,0,0,1,1,0,1
0,1,0,1,0,0,1,1
0,1,0,1,0,1,0,1
0,1,0,0,1,0,1,1
0,1,0,0,0,1,0,1
0,1,0,1,0,0,0,0
0,1,0,0,0,0,0,0
0,1,0,1,1,1,1,0
0,1,0,0,1,0,1,0
0,1,0,1,0,1,1,1
0,1,0,1,1,1,0,0
0,1,0,1,0,0,0,1
0,1,0,1,0,1,1,1
0,1,0,1,0,1,1,1
0,1,0,1,0,1,1,0
0,1,0,0,1,1,1,1
0,1,0,0,1,1,1,0
0,1,0,0,1,0,1,0
0,1,0,1,0,1,0,1
0,1,0,1,0,1,1,1
0,1,0,1,0,1,0,1
0,1,0,1,1,1,0,0
0,1,0,0,0,1,1,1
0,1,0,0,1,0,1,0
0,1,0,1,1,1,0,1
0,1,0,0,1,0,1,1
0,1,0,0,1,0,1,0
0,1,0,1,1,0,0,0
0,1,0,0,1,0,0,0
0,1,0,1,0,1,0,0
0,1,0,0,0,0,1,0
0,1,0,1,1,0,0,0
0,1,0,1,1,1,1,1
0,1,0,1,0,1,0,1
0,1,0,1,1,1,0,0
0,1,0,0,1,0,0,1
0,1,0,1,0,1,1,0
0,1,0,1,1,1,1,1
0,1,0,1,1,0,0,1
0,1,0,0,1,1,0,0
0,1,0,1,0,1,0,0
0,1,0,0,0,1,1,0
0,1,0,1,0,1,0,1
0,1,0,0,1,0,1,0
0,1,0,0,1,1,0,1
0,1,0,1,0,1,0,0
0,1,0,0,1,0,0,1
0,1,0,1,1,1,0,1
0,1,0,1,1,0,0,0
0,1,0,1,1,1,0,1
0,1,0,0,1,0,1,1
0,1,0,0,0,0,0,0
0,1,0,1,1,0,1,1
0,1,0,1,0,0,0,0
0,1,0,0,1,1,0,0
0,1,0,1,0,0,1,0
0,1,0,1,1,1,0,0
0,1,0,1,0,0,1,1
0,1,0,0,1,0,1,1
0,1,0,0,0,0,0,1
0,1,0,0,1,1,1,0
0,1,0,1,0,0,1,1
0,1,0,1,1,1,0,1
0,1,0,1,0,1,1,0
0,1,0,0,0,1,0,0
0,1,0,1,1,1,0,1
0,1,1,1,1,1,0,0
0,1,1,1,0,1,0,0
0,1,1,1,1,1,1,0
0,1,1,0,0,1,0,0
0,1,1,0,0,1,0,1
0,1,1,1,0,0,1,0
0,1,1,0,1,0,0,0
0,1,1,0,0,0,0,0
0,1,1,1,0,0,1,0
0,1,1,1,1,0,1,0
0,1,1,0,1,1,1,0
0,1,1,1,1,1,1,0
0,1,1,0,1,1,1,0
0,1,1,1,0,1,1,1
0,1,1,0,0,1,1,0
0,1,1,1,0,1,0,1
0,1,1,0,0,1,1,0
0,1,1,0,1,0,1,0
0,1,1,0,0,0,1,0
0,1,1,1,0,0,0,0
0,1,1,0,1,0,0,1
0,1,1,0,0,1,1,0
0,1,1,1,0,1,1,0
0,1,1,1,0,1,1,1
0,1,1,0,0,0,0,1
0,1,1,0,0,1,0,0
0,1,1,1,0,1,1,1
0,1,1,1,1,1,0,1
0,1,1,1,1,0,1,1
0,1,1,1,0,1,0,0
0,1,1,1,0,0,0,0
0,1,1,0,1,0,1,0
0,1,1,1,0,0,1,1
0,1,1,0,0,0,1,0
0,1,1,0,0,1,1,1
0,1,1,0,1,0,0,0
0,1,1,1,0,0,0,0
0,1,1,0,1,1,0,1
0,1,1,0,0,1,1,0
0,1,1,1,1,0,0,1
0,1,1,0,1,1,1,1
0,1,1,0,0,0,0,0
0,1,1,1,1,0,1,1
0,1,1,0,0,0,1,0
0,1,1,0,1,0,0,0
0,1,1,0,0,1,1,1
0,1,1,1,0,0,1,0
0,1,1,1,1,1,0,1
0,1,1,1,0,1,1,0
0,1,1,0,0,1,1,0
0,1,1,0,1,1,1,0
0,1,1,1,0,0,0,0
0,1,1,0,0,1,0,0
0,1,1,0,1,0,1,1
0,1,1,1,1,1,0,1
0,1,1,1,0,1,1,1
0,1,1,0,0,0,1,1
0,1,1,0,1,0,1,1
0,1,1,0,1,0,1,1
0,1,1,1,0,1,1,0
0,1,1,1,1,1,0,0
0,1,1,1,0,0,1,1
0,1,1,1,0,0,0,1
0,1,1,0,0,0,0,0
0,1,1,1,0,0,1,0
0,1,1,1,0,1,1,0
0,1,1,1,1,0,0,1
0,1,1,1,1,0,0,1
0,1,1,1,1,0,0,1
0,1,1,0,1,0,1,0
0,1,1,0,0,1,0,0
0,1,1,1,0,0,1,1
0,1,1,0,0,1,1,1
0,1,1,1,0,0,1,0
0,1,1,1,1,0,0,0
0,1,1,0,0,1,1,0
0,1,1,0,0,0,1,0
0,1,1,1,1,1,1,1
0,1,1,1,1,1,1,0
0,1,1,1,1,0,1,0
0,1,1,0,1,1,0,0
0,1,1,1,0,1,1,1
0,1,1,1,0,1,1,1
0,1,1,1,1,1,0,0
0,1,1,0,0,1,1,0
0,1,1,1,0,1,0,0
0,1,1,1,0,1,1,1
0,1,1,0,1,1,0,1
0,1,1,1,0,0,0,1
0,1,1,1,1,0,1,0
0,1,1,0,0,1,1,1
0,1,1,1,0,0,1,0
0,1,1,0,0,1,0,0
0,1,1,0,1,1,0,0
0,1,1,1,0,0,0,1
0,1,1,1,1,1,1,0
0,1,1,1,1,1,0,1
0,1,1,1,1,1,0,1
0,1,1,0,0,1,1,0
0,1,1,1,0,0,0,0
0,1,1,0,0,1,0,1
0,1,1,1,0,1,1,0
0,1,1,1,1,1,0,1
0,1,1,1,1,0,1,0
0,1,1,0,1,1,1,1
0,1,1,1,0,0,1,1
0,1,1,1,1,0,1,1
0,1,1,1,0,1,1,1
0,1,1,1,1,1,0,0
0,1,1,0,0,0,0,0
0,1,1,1,0,1,1,1
0,1,1,0,1,0,1,1
0,1,1,0,1,0,0,0
0,1,1,0,1,1,1,0
0,1,1,0,1,1,1,0
0,1,1,0,0,0,1,0
0,1,1,0,1,0,0,0
0,1,1,1,1,0,0,0
0,1,1,0,1,0,1,1
0,1,1,0,0,1,1,0
0,1,1,0,0,1,0,0
0,1,1,1,1,1,0,1
0,1,1,1,0,1,1,0
0,1,1,0,1,1,1,0
0,1,1,1,0,0,0,0
0,1,1,0,0,1,0,0
0,1,1,0,0,1,0,0
0,1,1,1,0,1,1,1
0,1,1,0,1,1,0,0
0,1,1,1,1,1,1,1
0,1,1,1,1,0,0,1
0,1,1,0,0,0,0,0
0,1,1,0,1,0,0,1
0,1,1,1,1,1,0,0
0,1,1,0,1,0,1,1
0,1,1,0,0,0,1,1
0,1,1,0,0,1,0,0
0,1,1,1,0,1,1,0
0,1,1,1,1,1,0,0
0,1,1,0,1,0,0,0
0,1,1,1,1,0,0,0
0,1,1,1,0,1,0,1
0,1,1,1,0,1,1,1
0,1,1,1,1,0,0,1
0,1,1,1,0,0,0,1
0,1,1,0,0,1,1,1
0,1,1,0,0,1,0,1
0,1,1,0,0,0,0,1
0,1,1,1,1,1,0,0
0,1,1,1,0,0,1,0
0,1,1,0,0,0,0,1
0,1,1,1,0,0,1,1
0,1,1,0,0,0,0,0
0,1,1,0,1,1,0,0
0,1,1,0,1,1,1,0
0,1,1,1,0,0,0,0
0,1,1,1,0,0,0,1
0,1,1,0,0,0,1,0
0,1,1,0,0,0,1,1
0,1,1,0,0,0,1,1
0,1,1,0,0,1,1,1
0,1,1,1,1,1,1,0
0,1,1,1,0,1,0,0
0,1,1,0,1,1,1,1
0,1,1,0,1,0,0,1
0,1,1,1,0,0,0,1
0,1,1,1,1,0,0,0
0,1,1,0,1,0,1,1
0,1,1,0,1,0,1,0
0,1,1,0,1,1,0,1
0,1,1,1,1,0,1,1
0,1,1,1,1,1,1,1
0,1,1,1,0,1,1,0
0,1,1,0,1,1,1,0
0,1,1,0,1,1,0,1
0,1,1,1,1,0,0,0
0,1,1,1,0,1,1,1
0,1,1,0,1,1,0,0
0,1,1,1,0,1,1,0
0,1,1,1,1,0,1,0
0,1,1,0,0,0,0,1
0,1,1,1,0,0,0,0
0,1,1,0,1,1,0,0
0,1,1,0,1,1,1,1
0,1,1,0,0,0,0,1
0,1,1,0,1,1,1,1
0,1,1,0,0,0,0,1
0,1,1,0,0,0,0,0
0,1,1,0,0,1,1,0
0,1,1,1,0,1,1,0
0,1,1,0,0,1,1,0
0,1,1,0,1,1,1,0
0,1,1,1,0,0,1,1
0,1,1,1,0,0,1,0
0,1,1,1,1,0,1,0
0,1,1,0,0,0,1,0
0,1,1,1,1,0,0,1
0,1,1,0,1,1,1,1
0,1,1,0,1,0,1,0
0,1,1,0,0,0,0,1
0,1,1,0,0,0,1,1
0,1,1,1,0,1,0,1
0,1,1,1,1,1,0,1
0,1,1,0,0,1,1,1
0,1,1,0,1,1,0,1
0,1,1,0,0,0,1,1
0,1,1,1,1,0,0,0
0,1,1,0,0,1,0,0
0,1,1,0,0,1,0,1
0,1,1,1,0,0,1,0
0,1,1,1,1,0,1,0
0,1,1,0,1,1,0,1
0,1,1,1,0,1,0,0
0,1,1,1,0,1,1,1
0,1,1,0,1,1,1,1
0,1,1,1,1,0,0,1
0,1,1,0,1,0,0,0
0,1,1,1,0,0,1,0
0,1,1,0,1,1,1,0
0,1,1,0,0,1,1,0
0,1,1,0,1,0,1,1
0,1,1,1,0,0,1,1
0,1,1,0,1,0,0,0
0,1,1,1,1,0,1,1
0,1,1,0,1,1,0,1
0,1,1,0,1,0,1,0
0,1,1,1,1,0,0,1
0,1,1,0,0,0,1,0
0,1,1,0,1,0,1,1
0,1,1,1,1,0,0,0
0,1,1,0,1,0,0,1
0,1,1,0,0,0,1,1
0,1,1,0,1,1,1,0
0,1,1,0,0,1,1,0
0,1,1,1,1,1,1,0
0,1,1,1,1,1,1,0
0,1,1,0,0,0,0,1
0,1,1,1,1,1,0,1
0,1,1,0,0,1,1,0
0,1,1,1,0,0,0,1
0,1,1,0,1,0,0,0
0,1,1,0,0,1,0,0
0,1,1,0,1,1,1,1
0,1,1,0,1,0,0,1
0,1,1,0,0,1,1,0
0,1,1,0,0,0,0,0
0,1,1,1,0,0,1,0
0,1,1,0,0,0,0,1
0,1,1,1,1,0,1,1
0,1,1,0,1,1,1,1
0,1,1,1,0,0,0,1
0,1,1,1,1,0,1,0
0,1,1,1,1,1,1,0
0,1,1,0,1,0,1,0
0,1,1,0,1,1,1,0
0,1,1,1,0,1,1,0
0,1,1,0,0,1,1,0
0,1,1,1,1,0,1,1
0,1,1,0,0,1,1,1
0,1,1,1,0,1,0,0
0,1,1,1,0,0,0,0
0,1,1,0,1,1,1,1
0,1,1,1,1,1,1,1
0,1,1,0,1,1,0,1
0,1,1,1,0,1,0,1
0,1,1,1,1,1,0,0
0,1,1,0,1,0,1,0
0,1,1,0,0,1,0,0
0,1,1,0,1,1,1,0
0,1,1,1,1,0,1,0
0,1,1,0,0,0,0,1
0,1,1,1,0,0,1,0
0,1,1,1,0,1,1,1
0,1,1,0,1,0,1,0
0,1,1,0,1,1,1,0
0,1,1,1,1,1,0,0
0,1,1,1,0,0,0,0
0,1,1,0,0,0,1,0
0,1,1,0,1,1,1,1
0,1,1,0,1,0,0,1
0,1,1,0,0,1,1,1
0,1,1,0,0,0,0,0
0,1,1,1,0,0,1,0
0,1,1,1,0,0,1,1
0,1,1,1,1,1,0,0
0,1,1,1,0,0,0,0
0,1,1,0,1,1,0,1
0,1,1,0,1,1,0,0
1,0,0,0,1,1,1,1
1,0,0,1,0,1,0,0
1,0,1,1,0,0,1,1
1,0,1,0,0,1,0,0
1,0,1,0,0,1,0,0
1,0,1,1,1,0,1,1
1,0,1,1,0,1,0,0
1,0,1,0,0,0,0,0
1,0,1,0,1,1,0,1
1,0,1,1,0,0,0,0
1,0,1,0,1,1,1,1
1,0,1,0,1,0,1,0
1,0,1,0,1,1,0,0
1,0,1,1,1,1,0,0
1,0,1,1,1,0,0,0
1,0,1,1,1,0,1,1
1,0,1,1,1,0,1,0
1,0,1,1,1,0,1,1
1,0,1,1,0,1,1,0
1,0,1,1,0,1,0,0
1,0,1,0,0,0,0,0
1,0,1,0,0,1,0,0
1,0,1,0,1,0,1,1
1,0,1,0,0,0,0,1
1,0,1,0,1,1,1,1
1,0,1,0,0,1,1,1
1,0,1,0,0,1,0,0
1,0,1,1,0,1,0,1
1,0,1,1,1,1,0,1
1,0,1,0,0,1,1,0
1,0,1,0,1,1,1,0
1,0,1,1,1,0,0,0
1,0,1,0,0,0,0,0
1,0,1,0,0,0,1,1
1,0,1,1,0,0,0,1
1,0,1,0,1,0,1,0
1,0,1,1,0,1,1,0
1,0,1,0,1,0,0,0
1,0,1,1,1,0,0,1
1,0,1,1,0,0,0,1
1,0,1,1,0,0,0,0
1,0,1,0,1,0,1,0
1,0,1,1,1,0,1,1
1,0,1,0,1,0,1,0
1,0,1,0,0,1,0,0
1,0,1,0,1,1,1,1
1,0,1,0,0,0,0,0
1,0,1,1,1,1,0,1
1,0,1,1,1,1,0,0
1,0,1,0,0,1,0,0
1,0,1,0,1,1,0,1
1,0,1,1,0,0,0,1
1,0,1,0,0,1,1,0
1,0,1,1,1,1,0,1
1,0,1,0,0,1,1,0
1,0,1,0,0,0,1,0
1,0,1,1,1,0,0,1
1,0,1,0,0,0,0,0
1,0,1,1,0,0,0,0
1,0,1,0,0,0,1,1
1,0,1,0,1,0,0,1
1,0,1,0,0,0,1,0
1,0,1,1,1,1,0,1
1,0,1,0,1,1,0,1
1,0,1,0,0,1,1,1
1,0,1,0,0,0,1,1
1,0,1,0,0,0,0,0
1,0,1,1,1,0,1,0
1,0,1,1,0,0,1,0
1,1,0,0,0,0,1,1
1,1,0,1,0,1,1,1
1,1,0,0,0,1,1,1
1,1,0,0,0,0,0,1
1,1,0,0,1,0,0,1
1,1,0,1,1,0,1,1
1,1,0,1,0,0,0,1
1,1,0,1,0,1,0,0
1,1,0,1,0,0,1,0
1,1,0,1,0,0,0,1
1,1,0,1,1,0,1,1
1,1,0,1,0,0,1,1
1,1,0,1,1,1,0,0
1,1,0,1,1,0,1,0
1,1,0,0,0,0,1,1
1,1,0,1,1,1,1,1
1,1,0,1,1,1,1,0
1,1,1,1,1,1,1,0
1,1,1,1,1,0,0,0
1,1,1,1,0,0,0,0
1,1,1,1,0,1,1,1
1,1,1,1,1,1,1,0
1,1,1,1,0,1,0,0
1,1,1,1,0,1,1,1
1,1,1,1,0,1,0,0
1,1,1,1,0,1,1,0
1,1,1,0,0,0,1,0
1,1,1,0,1,0,1,1
1,1,1,1,0,0,1,0
1,1,1,1,0,1,1,1
1,1,1,0,0,1,1,1
